,Sex,Single Year of Age,Administrative Counties,VALUE
3296,Male,0,Ireland,29610
3328,Male,1,Ireland,28875
3360,Male,2,Ireland,30236
3392,Male,3,Ireland,31001
3424,Male,4,Ireland,31686
3456,Male,5,Ireland,32684
3488,Male,6,Ireland,34092
3520,Male,7,Ireland,35429
3552,Male,8,Ireland,36296
3584,Male,9,Ireland,36969
3616,Male,10,Ireland,38035
3648,Male,11,Ireland,38296
3680,Male,12,Ireland,38957
3712,Male,13,Ireland,38474
3744,Male,14,Ireland,37352
3776,Male,15,Ireland,35948
3808,Male,16,Ireland,34646
3840,Male,17,Ireland,34981
3872,Male,18,Ireland,33900
3904,Male,19,Ireland,32867
3936,Male,20,Ireland,32120
3968,Male,21,Ireland,30771
4000,Male,22,Ireland,31450
4032,Male,23,Ireland,30871
4064,Male,24,Ireland,30234
4096,Male,25,Ireland,29969
4128,Male,26,Ireland,29376
4160,Male,27,Ireland,29162
4192,Male,28,Ireland,28902
4224,Male,29,Ireland,29989
4256,Male,30,Ireland,30858
4288,Male,31,Ireland,32237
4320,Male,32,Ireland,32413
4352,Male,33,Ireland,31888
4384,Male,34,Ireland,33121
4416,Male,35,Ireland,34695
4448,Male,36,Ireland,35828
4480,Male,37,Ireland,36427
4512,Male,38,Ireland,37513
4544,Male,39,Ireland,38749
4576,Male,40,Ireland,40301
4608,Male,41,Ireland,41401
4640,Male,42,Ireland,41644
4672,Male,43,Ireland,39275
4704,Male,44,Ireland,37940
4736,Male,45,Ireland,37710
4768,Male,46,Ireland,37289
4800,Male,47,Ireland,37053
4832,Male,48,Ireland,36472
4864,Male,49,Ireland,36650
4896,Male,50,Ireland,36050
4928,Male,51,Ireland,34926
4960,Male,52,Ireland,34356
4992,Male,53,Ireland,32611
5024,Male,54,Ireland,32050
5056,Male,55,Ireland,31353
5088,Male,56,Ireland,30684
5120,Male,57,Ireland,30891
5152,Male,58,Ireland,29775
5184,Male,59,Ireland,29196
5216,Male,60,Ireland,28455
5248,Male,61,Ireland,27849
5280,Male,62,Ireland,27116
5312,Male,63,Ireland,25884
5344,Male,64,Ireland,25127
5376,Male,65,Ireland,24900
5408,Male,66,Ireland,23759
5440,Male,67,Ireland,23627
5472,Male,68,Ireland,22502
5504,Male,69,Ireland,22594
5536,Male,70,Ireland,21253
5568,Male,71,Ireland,20449
5600,Male,72,Ireland,19965
5632,Male,73,Ireland,19121
5664,Male,74,Ireland,18493
5696,Male,75,Ireland,17473
5728,Male,76,Ireland,16094
5760,Male,77,Ireland,14601
5792,Male,78,Ireland,13392
5824,Male,79,Ireland,12166
5856,Male,80,Ireland,10674
5888,Male,81,Ireland,9470
5920,Male,82,Ireland,8779
5952,Male,83,Ireland,7900
5984,Male,84,Ireland,6765
6016,Male,85,Ireland,6154
6048,Male,86,Ireland,5370
6080,Male,87,Ireland,4515
6112,Male,88,Ireland,3771
6144,Male,89,Ireland,3036
6176,Male,90,Ireland,2444
6208,Male,91,Ireland,1950
6240,Male,92,Ireland,1297
6272,Male,93,Ireland,937
6304,Male,94,Ireland,718
6336,Male,95,Ireland,482
6368,Male,96,Ireland,327
6400,Male,97,Ireland,217
6432,Male,98,Ireland,130
6464,Male,99,Ireland,105
6496,Male,100,Ireland,154
6560,Female,0,Ireland,28186
6592,Female,1,Ireland,27545
6624,Female,2,Ireland,28974
6656,Female,3,Ireland,29483
6688,Female,4,Ireland,29819
6720,Female,5,Ireland,31342
6752,Female,6,Ireland,32622
6784,Female,7,Ireland,33572
6816,Female,8,Ireland,34437
6848,Female,9,Ireland,35227
6880,Female,10,Ireland,36066
6912,Female,11,Ireland,36863
6944,Female,12,Ireland,37297
6976,Female,13,Ireland,36782
7008,Female,14,Ireland,36080
7040,Female,15,Ireland,34492
7072,Female,16,Ireland,33168
7104,Female,17,Ireland,33045
7136,Female,18,Ireland,32852
7168,Female,19,Ireland,31729
7200,Female,20,Ireland,31624
7232,Female,21,Ireland,29890
7264,Female,22,Ireland,30768
7296,Female,23,Ireland,30051
7328,Female,24,Ireland,29364
7360,Female,25,Ireland,29294
7392,Female,26,Ireland,28864
7424,Female,27,Ireland,29528
7456,Female,28,Ireland,29788
7488,Female,29,Ireland,30936
7520,Female,30,Ireland,32841
7552,Female,31,Ireland,33710
7584,Female,32,Ireland,34382
7616,Female,33,Ireland,34489
7648,Female,34,Ireland,36284
7680,Female,35,Ireland,37940
7712,Female,36,Ireland,39030
7744,Female,37,Ireland,39193
7776,Female,38,Ireland,40902
7808,Female,39,Ireland,42592
7840,Female,40,Ireland,43143
7872,Female,41,Ireland,43696
7904,Female,42,Ireland,43337
7936,Female,43,Ireland,41408
7968,Female,44,Ireland,39379
8000,Female,45,Ireland,38506
8032,Female,46,Ireland,38127
8064,Female,47,Ireland,37471
8096,Female,48,Ireland,37145
8128,Female,49,Ireland,37081
8160,Female,50,Ireland,36199
8192,Female,51,Ireland,35025
8224,Female,52,Ireland,34414
8256,Female,53,Ireland,32204
8288,Female,54,Ireland,32168
8320,Female,55,Ireland,31563
8352,Female,56,Ireland,31279
8384,Female,57,Ireland,31764
8416,Female,58,Ireland,30660
8448,Female,59,Ireland,30000
8480,Female,60,Ireland,29063
8512,Female,61,Ireland,28856
8544,Female,62,Ireland,27899
8576,Female,63,Ireland,26312
8608,Female,64,Ireland,26109
8640,Female,65,Ireland,25183
8672,Female,66,Ireland,24662
8704,Female,67,Ireland,24524
8736,Female,68,Ireland,23018
8768,Female,69,Ireland,23375
8800,Female,70,Ireland,21897
8832,Female,71,Ireland,21236
8864,Female,72,Ireland,21159
8896,Female,73,Ireland,20134
8928,Female,74,Ireland,19177
8960,Female,75,Ireland,18294
8992,Female,76,Ireland,17665
9024,Female,77,Ireland,15971
9056,Female,78,Ireland,14666
9088,Female,79,Ireland,13938
9120,Female,80,Ireland,12173
9152,Female,81,Ireland,11191
9184,Female,82,Ireland,10759
9216,Female,83,Ireland,9985
9248,Female,84,Ireland,8890
9280,Female,85,Ireland,8303
9312,Female,86,Ireland,7501
9344,Female,87,Ireland,6766
9376,Female,88,Ireland,5927
9408,Female,89,Ireland,4961
9440,Female,90,Ireland,4285
9472,Female,91,Ireland,3781
9504,Female,92,Ireland,2809
9536,Female,93,Ireland,2320
9568,Female,94,Ireland,1737
9600,Female,95,Ireland,1344
9632,Female,96,Ireland,956
9664,Female,97,Ireland,732
9696,Female,98,Ireland,492
9728,Female,99,Ireland,336
9760,Female,100,Ireland,584
